{
  "project_info": {
    "project_number": "977482812445",
    "firebase_url": "https://firtcc-3b60c.firebaseio.com",
    "project_id": "firtcc-3b60c",
    "storage_bucket": "firtcc-3b60c.appspot.com"
  },
  "client": [
    {
      "client_info": {
        "mobilesdk_app_id": "1:977482812445:android:70a09f85ea75b460",
        "android_client_info": {
          "package_name": "droidmentor.onboardingdemo"
        }
      },
      "oauth_client": [
        {
          "client_id": "977482812445-189mkhteafnu38btpcps875abjdunpml.apps.googleusercontent.com",
          "client_type": 1,
          "android_info": {
            "package_name": "droidmentor.onboardingdemo",
            "certificate_hash": "e40a768494a8e85aa9e8b26ab29fb733b08fdd47"
          }
        },
        {
          "client_id": "977482812445-mplbqmpvv5n5u3rgdf5p3fvfsf88l7fa.apps.googleusercontent.com",
          "client_type": 3
        }
      ],
      "api_key": [
        {
          "current_key": "AIzaSyCUSc9ZKvFTTSRjXmdhb7SyRS11U7kShdY"
        }
      ],
      "services": {
        "appinvite_service": {
          "other_platform_oauth_client": [
            {
              "client_id": "977482812445-mplbqmpvv5n5u3rgdf5p3fvfsf88l7fa.apps.googleusercontent.com",
              "client_type": 3
            }
          ]
        }
      }
    }
  ],
  "configuration_version": "1"
}